sequence,pred,score,ketophe,tyr,thr,gln,gly,asp,ile,asn,cys,val,pro,phe,leu,piz,ala,trp,ser,arg,lys,hty,hpg,beta-ala,horn,salicylate,dap,hxorn,glu,dpg,dhba,anthranilate,orn,his,beta-lys,ketoval,hse,24dab,fa,pipecolate,23dab,pyruvate,asp-gamma,paba,gra
LAYVMYTSGSTGRPKGVLVEHHALANLVAWHRAEFGIGPGDRCTLVAAPGFDASVWETWSALTAGATVEVPSAETVLSPSELRSWLIERGITSAFLPTPLLERMLQEPWPAASALRSVLTGGDRLHGTGRNPLPFRLVNNYGPTENTVVATSGTVPADGGERDTLPGIGRPVTGTEAYVLD,gln,0.9978461265563965,3.502057097648503e-07,7.109384023351595e-05,9.830492672335822e-06,0.9978461265563965,5.826043343404308e-05,1.7975554555960116e-06,3.3866133435367374e-06,1.3063531696388964e-06,2.9836879548383877e-05,2.1981564714224078e-05,1.2060091876264778e-06,1.649426485528238e-05,1.0943798542939476e-06,2.233313352917321e-05,5.478149432747159e-06,1.6231476820394164e-06,0.0011002790415659547,5.705032162950374e-05,0.00010785954509628937,0.0001510401489213109,9.766369657882024e-06,7.162277597672073e-06,6.901364599798399e-07,2.35541833149e-07,2.5183617253787816e-06,1.0898154869209975e-05,1.0257454960083123e-05,1.2638392945518717e-05,1.1127312973258086e-05,4.4087133574066684e-05,5.605592377833091e-05,5.456511644297279e-06,1.4690869647893123e-05,1.3699907412956236e-06,4.446232924237847e-05,2.3504940145357978e-06,1.0563474006630713e-06,7.54176071495749e-05,0.00014853774337098002,1.0471791938471142e-05,1.6495712770847604e-05,1.1120898761873832e-06,4.594089659804013e-06
AQLAGRTGQLARHLAAHGAAADTPVAVCLPRGTGLVTSVLAVMASGSAYLPLSPEDPPARLVRMLRAAGAAHILTTRELAPVLADAGVPVTAVDTF,gly,0.14837664365768433,0.02228827215731144,0.035106364637613297,0.003498673904687166,0.010804812423884869,0.14837664365768433,0.0013710370985791087,0.05420408025383949,0.007083083037286997,0.05243132263422012,0.07925689965486526,0.1275421380996704,0.008245161734521389,0.002722862409427762,0.02967209182679653,0.000487881014123559,0.02476990781724453,0.0009591645211912692,0.041231971234083176,0.011334171518683434,0.005840098485350609,0.007568958215415478,0.0013585680862888694,0.11328209191560745,0.0422855019569397,0.018901145085692406,0.0021216629538685083,0.03686053305864334,0.0068080541677773,0.003019663505256176,0.01686612144112587,0.012078332714736462,0.003011945402249694,0.0019607827998697758,0.0008327407413162291,0.0009781848639249802,0.0437825545668602,0.003889302024617791,0.0017512486083433032,0.0014400576474145055,0.00045408078585751355,0.0018753793556243181,0.004810831043869257,0.006835578009486198
LAYVIHTSGSTGAPKAVGVPHRGLANRIRGIQDTHGLDTTDRVLHKTPVTFDVSLWELLWPLTVGATLVVAAPGGHRDPTYLVELIERERVTTVHFVPPLLAAFLEEPGLHRCASLRRVLCSGQELPRATRDRCLERLPARLFNAYGPTEASIEVTEEECAPKATGGGAPDPRVSIGRPIAGAEVYVLD,asp,0.5783193707466125,4.6596000174758956e-05,8.392136805923656e-05,0.0007389941602014005,3.871675744449021e-06,2.8970298444619402e-05,0.5783193707466125,0.0016311188228428364,0.38745927810668945,6.149910041131079e-05,3.2402135730080772e-06,2.9226574042695574e-05,4.520583388512023e-05,2.8689504688372836e-05,0.00011028142034774646,0.002571535063907504,0.00022504586377181113,9.638255141908303e-05,0.001904429285787046,0.0005257505690678954,0.00014922571426723152,0.00047246849862858653,0.00017805403331294656,0.007592890877276659,0.014601308852434158,6.475121335824952e-05,4.595070276991464e-05,3.4107306419173256e-05,5.688941018888727e-05,0.00012769685417879373,5.618554041575408e-06,0.0009569230023771524,2.815088737406768e-05,1.962166243174579e-05,0.00041062087984755635,0.0006313162739388645,2.9671511583728716e-05,0.0001876495807664469,3.0436918677878566e-05,8.858260844135657e-05,7.949616701807827e-05,2.9429127607727423e-05,0.00018865408492274582,7.716532854828984e-05
PAYVIYTSGSSGDPKGVEVSHRNVTALLAACDRVFALRGDDVWTLFHSPCFDFSVWEMWGALAHGAKLVVVPAEVARSPEATLDLVVSEGVTVLNQVPSVFRYLSRSAVARAEDTADRPATALRYVIFGGEPVDVDAVRAWRALHGTRTEFFNMYGITETTVFATCRRLPESEIDPRPTTAPDAPAPTGTTADPELNIGRPLDGFEVVLLD,tyr,0.9704796671867371,0.00010182960977545008,0.9704796671867371,0.003317824797704816,0.00042931194184347987,3.803251456702128e-05,0.006408773362636566,0.0001930003345478326,5.439350934466347e-05,0.006917133927345276,0.00027598737506195903,0.0006365728913806379,4.299022748455172e-06,0.0004850336699746549,0.00015507597709074616,4.961681042914279e-05,1.8262572893945617e-06,0.007951851934194565,4.5010234316578135e-05,0.0010192274348810315,2.7846485863847192e-06,3.670954356493894e-06,4.424057351570809e-06,2.9946372706035618e-06,0.00012745076674036682,6.981893966440111e-05,2.2872965928399935e-05,1.942019025591435e-06,1.5526235074503347e-05,5.163299647392705e-05,1.2556058209156618e-05,2.400195626250934e-05,2.5393948817509227e-05,0.00014614127576351166,0.0004989851149730384,3.732907134690322e-05,9.75097791524604e-05,0.000146710459375754,2.305660382262431e-05,6.135745934443548e-05,1.0649951036612038e-05,1.1014118172170129e-05,9.265888365916908e-06,2.846356073860079e-05
LAYVIYTSGSTGQPKGVMIEHRNLVNLVAWHCEAFGLTHRKRVSSVAGVGFDACVWELWPALCVGASLSLLPGQALGNDVDALLGWWRRQDLDVSFLPTPIAEIAFAQGIEPASLQTLLIGGDRLRQFPNPDSRVALINNYGPTETTVVATSGLIDATQSVLHIGRPIANTQVYLLD,gln,0.9995958209037781,2.0091970043267793e-07,3.208190537407063e-05,3.17546027872595e-06,0.9995958209037781,3.6325434393802425e-06,1.1291085684206337e-06,3.630502033047378e-05,1.6639283728636656e-07,1.8915692635346204e-05,1.4009418691784958e-06,3.9464535461775085e-07,4.25094403908588e-05,1.2888640412711538e-06,2.929313268396072e-06,3.185424020557548e-06,1.3012404451728798e-06,6.633737939409912e-05,8.012758189579472e-05,2.552298838054412e-06,1.8858791008824483e-05,7.62934814702021e-06,7.723701855866238e-07,8.759268865787817e-08,4.393521280121604e-08,3.636964720499236e-07,1.483081632613903e-06,1.4148383797873976e-06,3.449159066803986e-06,1.1790859844040824e-06,2.4006156309042126e-05,2.2450144570029806e-06,4.135946483074804e-07,4.298873136576731e-06,8.838478606776334e-07,1.3670065527549013e-05,5.963731268820993e-07,1.6849831752097089e-07,8.053686542552896e-06,1.0717424629547168e-05,2.524289129723911e-06,2.0333936845418066e-06,2.2578358027658396e-07,1.436917386854475e-06
LAYVIYTSGSTGQPKGVMIEHRAIVNRLLWAQDQYRLSREDRVLQKTPFGFDVSVWEFFLPLLAGAQLVIARPGGHQDPEYLAELIADSGVTILHFVPSMLQSFLNQSGPLACSTLRQVFCSGEALPYSLQKHFEQRFAHVQLHNLYGPTEAAVDVTYWHCVPDLHAGIVPIGRPVANTRMYLLD,asn,0.9995607733726501,1.3644008504343219e-05,3.6668038774223533e-06,9.486267663305625e-05,1.738535360118476e-07,1.0455987649038434e-05,2.7389582101022825e-05,3.4658327763281704e-07,0.9995607733726501,4.125361101614544e-06,5.491664865076018e-07,2.0059667349414667e-06,1.6451499504910316e-06,7.19986644526216e-07,1.4892976651026402e-05,2.092881231874344e-06,4.3175910491299874e-07,1.820271904762194e-06,9.31081842736603e-07,2.446171856718138e-05,4.100878140889108e-05,4.510456165007781e-06,7.573548259642848e-07,2.5300367269665003e-05,7.219893177534686e-06,1.4960315866119345e-06,2.5657564037828706e-06,7.425135777339165e-07,5.090821287012659e-05,2.4796750949462876e-05,7.4749236773641314e-06,3.2885695873119403e-06,5.93142794969026e-06,8.39741232994129e-07,1.9964595310284494e-07,1.149627860286273e-05,5.452400273497915e-07,8.238169357355218e-06,4.254025043337606e-06,1.4558605698766769e-06,8.45519821268681e-07,1.0590858437353745e-05,1.8765700588119216e-05,1.6936035081016598e-06
LAYVIYTSGSSGQPKGVLIEQRGFLNLMHWYLAELKLASDDAVLLVSSYSFDLTQKNILGPLLVGGTLHLAREAFIPEVLLEQIQRERITHINLSPSAFNTLIDANDSRQLDSIRRVVLGGEPIQVARLEMLPEPRPEFINSYGPTECSDVVAWHRLVDDIDCYRSSVFPIGRPIANTRIYLLD,ketoval,0.9990946054458618,5.463854449772043e-06,5.543039878830314e-05,1.2919319942739094e-06,2.1873338482691906e-06,8.566195219827932e-07,0.00016108698036987334,0.00038775280700065196,4.722724327166361e-07,1.2965290807187557e-05,1.0904253713306389e-06,7.216749509098008e-07,8.554741839361668e-07,5.635053639707621e-06,2.2687954697175883e-06,3.1476662115892395e-05,1.0736884178186301e-05,3.3578016882529482e-06,1.0767471394501626e-05,2.453920615153038e-06,3.2972695862554247e-07,1.4052895949134836e-06,8.2989490692853e-06,1.3070997511022142e-06,2.79175910691265e-05,1.8406099115964025e-06,1.0082688959300867e-06,3.690031178393838e-07,1.967290518223308e-05,9.745682518769172e-07,2.7555708470572426e-07,5.7568258853279985e-06,9.322055802840623e-07,1.3517056686396245e-05,0.9990946054458618,3.2242565794149414e-05,7.283766990440199e-06,8.557105502404738e-06,9.016305739351083e-06,8.727201020519715e-06,3.946447031921707e-05,5.421202331490349e-07,1.704957685433328e-05,2.164297256967984e-06
ELNARANRLAHYLIGLGIQPDDRVAICAQRSLEMVVGLLGILKAGGAYVPLDHGYPSERLRYMLEDSAPVAVLVQAALQECLPAVNVPQVVLDSVDL,gln,0.7626356482505798,0.0002549542987253517,0.02524961158633232,0.001945690019056201,0.7626356482505798,0.015561096370220184,0.0017127356259152293,0.01782732456922531,0.005554687697440386,0.02111819013953209,0.0013396465219557285,0.0005339736817404628,0.004039321560412645,0.0003379609843250364,0.009793173521757126,0.00046223157551139593,0.00043459527660161257,0.00392258120700717,0.07213496416807175,0.0029256928246468306,0.004592371638864279,0.0030740194488316774,0.00016659557877574116,0.0018984315684065223,0.0008297688327729702,0.0007167572039179504,0.0003636839101091027,0.0018282755045220256,0.006191447842866182,0.000495531945489347,0.01957084983587265,0.005362553056329489,7.295860996237025e-05,0.0003567059466149658,0.00026156051899306476,0.002820374444127083,0.0007088290294632316,0.0002064353902824223,0.001345179625786841,0.0005179241416044533,6.50200090603903e-05,0.0003636185429058969,0.00019850106036756188,0.00020843422680627555
PAYVMYTSGSSGVPKGVLIEHRSVLRLVINNPYARITTEDCVAHGANTAFDASTWEIWSALLNGAKLLVVSQATLLNAARLNHVLIEGGVTALWLTAGLFNEYVDVLAAAFSRLRYLLVGGDVLDPVSVAKVLSRAHRPRHLINGYGPTETTTFASTYEIHALSDNSRSIPIGRPIGNTRIYLLD,tyr,0.9992952346801758,6.179204319778364e-06,0.9992952346801758,0.00015876488760113716,0.00012018262350466102,3.6762905892828712e-06,5.764594970969483e-05,1.2724083717330359e-05,6.379190836014459e-06,3.3165440981974825e-05,2.1464904421009123e-05,8.711822374607436e-06,5.17240778208361e-07,4.485655153985135e-06,5.7637835197965614e-06,1.3150325912647531e-06,6.713481752740336e-07,5.918171882512979e-05,2.3990951376617886e-05,5.2621151553466916e-05,3.203008873242652e-06,1.258989641428343e-07,8.702858167453087e-07,9.370857867452287e-08,4.085894943273161e-06,1.3516826129489345e-06,1.7593237089386093e-06,2.0649328291710844e-07,1.747602436807938e-05,2.420197779429145e-05,9.837667676038109e-07,3.7959159726597136e-06,4.24755057792936e-07,1.0080335414386354e-05,2.7307954951538704e-05,4.96263055538293e-06,1.325921743955405e-06,1.74999913724605e-05,1.7297387557846378e-06,1.818726559577044e-06,2.8183052336316905e-07,1.8112557427230058e-06,7.570250772914733e-07,1.3084999181955936e-06
LAYVIYTSGSSGKPKGVGGPHQAMVNRLYWMHNTFGGQRLEKHAQKTSISFLDSVTETLMPLLFGAQLHIVSPLASRDPLQLWQAVTEHQLTRLVLVPSLLEELSRIENRQVSPEKRLIVCSGEVFSSSLLARTRAWLPSATILNFYGSSEAAGDSTFYLCDSAVQAGHSLPIGRPIANTRIYLLD,hty,0.999482274055481,1.3123493545208476e-06,1.2849734503106447e-06,4.535615971690277e-06,2.0741523258038796e-05,9.9197413874208e-06,1.097401309380075e-06,3.1476056960855203e-07,2.9298314984771423e-05,1.631746818020474e-05,3.071158516831929e-06,2.6235288714815397e-06,1.4134875527815893e-05,4.4553920020007354e-07,3.4894637792604044e-06,2.745880192378536e-05,5.687737939297222e-06,2.5297609340668714e-07,7.135402483982034e-06,1.6680378394084983e-06,0.999482274055481,1.5639467164874077e-05,2.2644278942607343e-05,5.8320101743447594e-06,2.7588007469603326e-06,7.061239557515364e-07,3.292800465715118e-05,5.848039563716156e-06,4.627379894373007e-06,2.2618594812229276e-05,2.324217803106876e-06,8.649016308481805e-06,8.080467523541301e-06,6.695327556371922e-06,7.348032795562176e-07,1.1669467312458437e-05,3.852009342608653e-07,1.795040475371934e-06,9.40543322940357e-05,1.4044887393538374e-05,2.0527502783806995e-05,3.0649454856757075e-05,4.937840276397765e-05,4.39433006249601e-06
LAYVIYTSGSTGKPKGVANQHDGVVNRLWWAQSEYRIGADDRVLQKTPFGFDVSVWEIFLPLLAGAQLVMARPGGHQDPHYLMEVIERRSISMLHFVPSMLQAFVNQTPAGRCSTLKRVLCSGEALPHALLLQGQAHFPKSELHNLYGPTEAAIDVTAWHYVAEQDIGIVPIGRPIANTQIYLLD,asn,0.9993671774864197,9.81905213848222e-06,2.8762713100149995e-06,3.7294001231202856e-05,4.951477876602439e-07,2.0709901946247555e-05,7.283999730134383e-05,6.023750529493554e-07,0.9993671774864197,3.4920610687549924e-06,4.6157208544173045e-07,1.1138424724776996e-06,3.934239884983981e-06,6.015908411427517e-07,1.8916938643087633e-05,2.1929483864369104e-06,5.790267323391163e-07,3.6642550185206346e-06,5.542344297282398e-06,1.8197517420048825e-05,0.00015297980280593038,9.079000847123098e-06,1.449789124308154e-06,5.455594146042131e-05,4.4781641008739825e-06,1.4944428130547749e-06,3.788641379287583e-06,1.137345861934591e-06,7.11198226781562e-05,2.0526722437352873e-05,1.3979598406876903e-05,6.641135314566782e-06,2.85788337350823e-06,9.82741312327562e-07,3.3241889241253375e-07,3.387507240404375e-05,1.357635028398363e-06,5.724612037738552e-06,1.123707988881506e-05,6.157341431389796e-06,2.146877022823901e-06,6.092132935009431e-06,1.6312365914927796e-05,1.158723421212926e-06
